{
  "_what": "Blow-up fingerprint: the price/volume shape of a beaten-down name at the bar it began a major run. A current candidate is scored by weighted similarity to this.",
  "_method": "learned from 526 historical blow-up episodes (>35% off 1y high, then +40% in 126 sessions) across 188 on-disk names",
  "_caveat": "SURVIVORSHIP-BIASED: on-disk universe = today's survivors; beaten-down names that delisted are absent, so the pattern is optimistic. A research LEAD generator, NOT a backtested edge.",
  "_asof": "2026-06-17",
  "features": [
    "dd_from_high",
    "base_pos",
    "ret_1m",
    "ret_3m",
    "accel",
    "above_ma50",
    "above_ma200",
    "ma50_slope",
    "vol_surge",
    "base_age"
  ],
  "weights": {
    "dd_from_high": 1.6,
    "base_pos": 1.3,
    "ret_1m": 0.8,
    "ret_3m": 0.7,
    "accel": 1.2,
    "above_ma50": 1.3,
    "above_ma200": 0.6,
    "ma50_slope": 1.1,
    "vol_surge": 0.9,
    "base_age": 0.7
  },
  "centroid": {
    "dd_from_high": -0.5070647925118316,
    "base_pos": 0.12788490463620142,
    "ret_1m": -0.13838474848714713,
    "ret_3m": -0.18507543006093347,
    "accel": 0.04669068157378635,
    "above_ma50": -0.14157812685616175,
    "above_ma200": -0.26595562017902524,
    "ma50_slope": -0.05727617068835529,
    "vol_surge": 1.0633526306700933,
    "base_age": 0.2789848512281972
  },
  "scale": {
    "dd_from_high": 0.12256112628568568,
    "base_pos": 0.12892055417782736,
    "ret_1m": 0.15300401233082359,
    "ret_3m": 0.25096409865956026,
    "accel": 0.19934898181158328,
    "above_ma50": 0.14362433695253507,
    "above_ma200": 0.19373945042774457,
    "ma50_slope": 0.09436935108774065,
    "vol_surge": 0.30819421146636905,
    "base_age": 0.3398048453745634
  },
  "beaten_down_dd": -0.2
}